Bangla,English,Reason,Categry,Label
????? ???? ????? ????? ???? ??? ??? ???? ??????? ??? ???? ??,Islam cannot be a religion that has to be saved by killing people,Hate towards religion,Religious,Yes
????? ???????? ???????? ????????,Shamim Patwari Congratulations Bangladesh,Normal Sentence,Sports,No
"???????? ???????? ??????? ?????, ?????? ??? ??-?? ???? ???? ???? ???? ????? ???? ????-????? ??????????? ??? ???? ???? ","Congratulations to Bangladesh cricket team, we should play more matches with bigger teams - then confidence will increase",Normal Sentence,Sports,No
"?????? ??????????, ???????, ????????? ????? ??? ??????? ???? ???? ?????? ??? ????, ????? ???? ??????? ????? ????? ?????? ????? ??","Please do not catch rickshaw pullers, day laborers, workers. Hold on to your feet. To eat a handful of rice, he took to the streets with a stomach ache. Don't make fun of them",Normal Sentence,Other,No
??? ???? ????? ?????????? ????? ??????? ????,It was very painful to see  the rickshaw puller uncle screaming,Normal Sentence,Other,No
?? ???????? ????? ??? ???? ??? ???? ??????? ?? ????? ????? ???? ?? ????? ????,When will the oppression of this farce stop? Will the government pay the monthly rent of my shop?,Normal Sentence.Expressing the Emotions,Other,No
???? ??? ???? ???? ??? ????? ????? ??,We will benefit if everyone obeys the law,Normal Sentence,Other,No
????? ??????? ??????? ???????? ?? ??? ????? ?????? ???? ???????? ??? ?????? ?????????? ?????? ??? ??? ????? ?????? ?? ????-????? ???? ??,"Speak in pure Bengali or English without dishonesty for the sake of Allah, my brother.",Normal Sentence,Personal,No
 ??? ???? ???????? ?????? ?????????? ??????,The child of Hindu is the child of Mother fucker,Directly hit the hindu religiouspeopple or religion.,Religious,Yes
?????? ???? ?????????? ????????? ????? ?? ??? ??? ??????,Do you have any problem when the son of slut Rohingya enter Bangladesh?,Directly hit a race.,Geopolitical,No
"?????? ????? ???????, ??????? ???? ???? ??????? ????????? ????????? ???? ??????? ?? ??? ???????? ???? ??????","May the personal security of our very popular, best young MP of the country not be disturbed. That too needs to be seen.",Normal Sentence,Personal,No
?????? ??????? ????? ???? ???????? ?? ??????? ??? ?????,All the son of slut Rohingyas need to be expelled,Directly hit a race.,Geopolitical,Yes
???????? ?????? ????? ????? ???? ??? ?????? ??????? ?????,Mashrafe's brother is not comparable. Survive in the heart of Bengal.,Normal Sentence,Sports,No
??????? ??? ???? ??? ???????,Traitor brother you are very suitable,Directly hit a individual person.,Political,Yes
?? ????? ????? ?? ???? ????? ?? ?? ?????,"And if people don't find it, you call asshole  Jafar",Directly hit a individual person.,Personal,Yes
???? ???? ????? ???? ?? ?? ??????? ?????? ???? ???? ???? ??? ??????,I was in a very bad mood and I also laughed a lot when I saw J Kibria brothers smile,Smiling,Personal,No
?????? ????? ??? ???? ???? ??????,May Allah keep them happy forever.,Wishful sentence,Geopolitical,No
?? ???? ?????? ???? ???????? ????,The Malauns(Hindu) ran to get that smell,Directly hit a religion.,Geopolitical,Yes
"?????? ???? ????,?? ??? ???? ??? ???? ????? ????","Of course you will,
Something better than what is gone",Blessfull Sentence,Personal,No
"??????? ???? ????,???? ???? ??????
???? ????",Wonderfull drama.Delight to watch,Joyfull Sentence,Personal,No
??? ????? ????? ?? ???? ??????? ???? ?????????,And let Pakistan hold a conference withJamaat-e-Islami,Hate towards a Group,Political,Yes
"???? ???? ??????, ???? ???? ????????","Liked it very much, good luck",Congratualated someone,Personal,No
???? ????? ????? ? ??? ??????? ???? ????  ????,"Hi, bitch how  was the punishment and apology in the  the cattle market .",Hate towards a person,Geopolitical,Yes
?????? ???????? ?? ???? ? ???? ??? ?????,"Like Taslima Nasrin, how much money you bitch   get money",Hate towards a person,Personal,Yes
"????????? ??????? ???????, ????????? ?????? ????????????? ???? ??????? ?????","Only life is unreal, uncertain. Only true loves are neglected.",Normal Sentence,Other,No
"???????? ?????? ?? ??????
???? ?????? ???? ???? ?????? ????? ????? ???? ?? ???? ??","People are really weird too
We choose our loved ones to hurt",Normal Sentence,Other,No
?????? ?????? ?? ???? ???? ?? ?? ?? ??,"Girls are stupid, nothing new ha ha ha",Hate towards  girl,Geopolitical,Yes
?? ??????? ?????? ???? ????? ?? ???? ??? ??? ???? ????? ,Hi son of bitch do you want to fuck a girl after seeing them.,Hate towards a Person,Personal,Yes
??? ???? ????? ?? ?? ??? ???? ?? ???? ????? ?? ????? ,"If I got one, I would give four fucking shots in one night, even if it was less",Hit a individual,Geopolitical,Yes
"???????? ??????? ?????,???? ???? ?????,?????? ????? ???? ?????? ????? ???? ????? ???? ???????? ?????","Assalamu Alaikum brother, how are you brother, really Nusrat Imroz Tisha Apu is a perfect pair with you.",Normal Sentence,Personal,No
???? ???? ??????? ????? ????? ???? ???? ??????? ???,"As great as you are, your plays are great bosses",Normal Sentence,Personal,No
???? ?????? ????,She is completely a whore.,Hate towards a person,Personal,Yes
????? ????? ?????????? ?? ???? ???? ???? ???  ???????? ?????? ?????????? ????? ??? ??? ???? ??????? ?????????,"tarif have you rent your mother to son of malwan(hindu), do not you son of bitch have any compession for Muslim  ",,Personal,Yes
????????? ????? ???? ?? ???? ????? ????,The government of Bangladesh is blind and the government of India is blind,Hates towards  Government of Country,Geopolitical,Yes
? ?????? ?????? ??? ???? ????? ?? ???? ???? ???,"Hi son of slut Somoi TV, you will be beat by shoes",Hate towards a group of person,Personal,Yes
"???? ???? ????,???? ? ????? ?????? ??? ???? ???? ????? ??? ????????? ????? ???????? ????? ???? ??? ??????? ??? ???? ???","You are a humble, polite and decent person. I like your words very much. My favorite mother tongue blossoms like a rose in your face",Normal Sentence,Personal,No
????? ???? ??????? ???? ????????,Brother love the one you like, Normal sentence.,Personal,No
???? ?? ??? ??   ?? ???,"Slut open up your tits , and be totally naked.",Hate towards a person,Personal,Yes
???????? ???????? ????? ???? ????? ???? ???? ??? ??? ,The Indian Malauns are married to dogs and eat cow's urine,Hate towards a indian,Geopolitical,Yes
"???????, ?????, ?????, ??????, ???????????? ?? ??????? ?????????? ?????? ?????","Mashrafe, Shakib, Tamim, Mushfiqur, Mahmudullah are the gems of Bangladesh.",A sentence of proud.,Sports,No
 ?????? ?????? ???? ??????? ???? ???? ????,"In fact, the BNP found out in a traitor meeting",Hate towards a Political Party,Political,Yes
????? ?????? ?????? ????? ??????? ?????? ??????... ???? ?????,Tamim played the rest of the match with a broken finger ... that's Tamim,Respectful Sentence,Sports,No
??? ???? ???? ?????? ??? ??? ??? ??? ??? ????? ???? ???? ???? ???,"Hi Busturd, you have more fathers, if they do something, that's fine",Hate towards  a  party,Political,Yes
?? ????? ???? ???? ????? ?? ?? ???? ???? ?????? ????? ???,"Hi bitch he is complete goat and that infantry don not fuck india , mother fucker.",Hate towards a person,Personal,Yes
????? ???????????? ?????? ???? ???????????? ??????? ???? ??? ,The cricketers have to follow the instructions of the board officials,Normal Sentence,Sports,No
 ????? ??? ?? ??? ???? ???????? ?????? ??????? ????? ???? ????,"The thief's mother has a big throat, You bithch cheat with us",Hate towards india,Personal,Yes
?? ???? ??????? ??? ?? ???? ???? ???? ???? ???????????,I sincerely believe that you are an inspiration to me.,Gratefull sentence,Personal,No
"????? ????? ???? ???????, ????? ???? ??? ???? ????,","Your posts are awesome, always point out the truth,",Reality,Personal,No
"??????? ???? ?????????????
??????? ??? ???? ????????? ????????? ??????","Every word is precious.
The basic human policy-making practical message",Important to human being,Personal,No
"???? ?????? ???? ?????? ???? ?? ??????? ??? ??? ?????,???? ???? ???? ??? ???? ?? ???? ???? ???? ???? ???? ?????","Those who want to get a job should take note of these words, which may be useful in one way or another in the course of life.",Inispirational,Personal,No
?? ?? ????????? ?????? ?????,All the bloody asshole need to be beaten,Hate towards a Political Party,Personal,Yes
???? ??? ?????????? ???? ?? ????,It wiil be bettetr to come india in and let them move the pennis of Bangladeshi.,Hate towards India,Geopolitical,Yes
????? ???? ???? ?????? ?????? ???????? ???? ?????? ???? ??? ????? ???? ????????,Such a story is incomparable in this age. Her husband will be memorable as an idol,Gorgeous story,Personal,No
???? ?? ??? ????? ?? ???? ???? ???? ?????? ???? ?????? ????? ,"If I could beat the Suchi, with shoes as I wished, I would get a little peace",Personally hit a person by words,Personal,Yes
????? ?? ?????? ????,The last one is totally bitch,Hate towards a person,Personal,Yes
 ?????? ?? ?????? ??? ?? ??? ??? ?? ???? ????? ???? ????? ???? ???? ???,I don't know if anyone else can introduce such a big mind like this brother.,Normal Sentence,Personal,No
??????????? ??????? ??? ??? ????? ???? ??????? ????????? ?????????? ??,Thank you Pakistan Army for killing reindian like a dog,Hate towards India,Geopolitical,Yes
?? ?? ???? ????? ???? ?????? ??????? ????????? ???? ???? ??? ????? ?????? ???? ???? ?? ???? ???????? ????? ??? ???? ??????? ???? ???? ??????? ????????,And thank you very much Sister for the way she has the real events that happened to her every moment of her life.,Normal Sentence,Personal,No
???? ?? ?????? ?????? ???? ??? ?? ?????? ???? ??????????? ??? ?????? ???? ???? ???,"Wake up, O Muslim child, wake up, the names of the Malauns must be erased from this world forever",Hate towards Indian hindu,Geopolitical,Yes
????? ???? ??? ??????? ????? ???? ?????? ???? ????,"Son of slut, you do not understand politics,Hilary is perfect one. ",Hate towards a person,Personal,Yes
?? ??????? ??????? ???? ????? ??? ??????? ??? ?? ?????? ????? ?????? ????????? ????????? ??????? ???? ?????,"Through this story, my idea has become more entrenched that it helps to create inferiority in the education system of our country.",Reality,Personal,No
"????? ???????, ???? ???? ???? ????? ??????","Really awesome, I like the story a lot",Normal Sentence,Personal,No
"????????? ??? ??? ??? ???? ???? ??, ????? ????, ???? ???? ?? ???? ?? ?????? ??? ???????","If you want to be well educated, you don't need to read and write, you need a conscience, you need a good mind. This story is proof of that.",Reality,Personal,No
??? ??? ?????????? ???? ??? ??? ???? ?? ???? ??????,I am in Saudi Arabia now inshallah they are illegitimate children,Hate towards a Country,Geopolitical,Yes
????? ??? ????? ???? ??? ?????????,Please do not anyonr fuck her with out condoms,Hate towards a Person,Personal,Yes
???? ???? ????? ??? ?????? ?????? ????? ??? ????? ??? ?????? ???? ???? ?????? ?????? ?? ???? ????? ??? ???? ???? ??????? ?????? ?????? ??? ?? ????? ????? ???? ???? ???? ??????? ????? ,"You come inside the screen as a girl guy. Remember that no matter how good you are as a wife, if you cannot be a beloved servant of God, then life will be in vain.",Wishful sentence,Personal,No
?? ????? ????? ????? ????,Jamaat Shibir is involved in all of them,Hate towards a party,Political,Yes
"???? ??????????? ????? ????? ??????? ???? ??? ??,???? ?????????? ????? ?????????? ??????????????? ????? ?????? ???? ??? ????? ?? ????????? ???","You can't be educated just by getting a certificate, because self-education is the real good education. I hope you are always very good in this way.",Wishful sentence,Personal,No
???? ??? ?????????? ???? ???????? ??? ?? ???  ????? ???? ?????????? ???? ???? ???? ??,India should not talk about Bangladesh because India never wants Bangladesh well,hit India,Geopolitical,Yes
???? ????????? ??? ????? ?????? ???? ?? ??????,Millions of Muslims live in India asshole are they malauns(Hindu),Hate towards Indian hindu,Geopolitical,Yes
????? ????? ????? ?? ????? ???????? ?????? ?? ?? ?????? ??????????????? ???? ???? ???? ???? ???????? ??? ????? ??? ??,"I will watch your video and life will not change, that's how it is Alhamdulillah, much better change is happening than before",Gratefull sentence,Personal,No
????? ???? ????? ???? ????? ???????? ??????? ?????? ????? ?????? ??????? ????? ??????? ??? ??????? ?????? ???? ???? ???? ?? ???? ?? ??? ????? ??? ???? ???? ?????? ??? ??? ???? ??? ?? ?? ???? ???? ???? ?????? ???? ???? ???? ???????? ?? ???????,"Many things in life have changed for you. Thank you very much. I like your every word, every style. I don't like to say that. I pray that you go a long way.",Gratefull sentence,Personal,No
??????? ??????? ????? ???? ?? ??????! ????? ???? ???? ??? ???? ???? ???? ??????? ???? ?????! ???? ???? ???????? ????? ????,I try so hard to help you! It feels really good when I can help a little! Many many good wishes for you,Gratefull sentence,Personal,No
??????? ???? ??? ????,I fuck Hasina's Mother.,Hate towards a girl,Gender,Yes
???? ???? ???? ?????? ??? ????? ???? ???? ??????? ???? ???? ???? ?????????? ??? ???? ???? ???? ??????? ???? ??? ????? ???? ?????? ??? ?? ??? ???? ??? ?????????? ???? ???????? ? ????? ????,"Brother, you are talking very, very nicely. In fact, it is very good to hear the words. Not everyone has the courage to speak the truth. You are a very brave man. In this way someone will tell the truth. There was a lot of love and prayers.",Brave person,Political,No
????? ???? ???? ???????? ???? ?????? ????,"Busterd continue the election leveing the power, you bitch",Hate towards a party,Political,Yes
????? ???? ???? ???? ???? ??? ???? ???? ???? ???? ?????? ???? ??????? ,Give me a son to marry me because I can't  tolerate this pain you bitch,Hit a individual,Personal,Yes
???? ????????? ???? ????? ???? ???? ???? ????,The reason for the downfall of an ideological party is to read the book.,Normal Sentence,Political,No
????? ????? ???? ?????? ?????? ??????? ?????? ???,Running these live like this will be a problem for our organization,Normal Sentence,Political,No
 ????? ?????? ??????? ??????? ?????? ???? ????? ????? ?? ?? ?? ? ????? ??????? ??? ??? ??? ???? ??? ???  ,We think BNP and Jamaat Shibir are behind cutting pound cake for Tareq Zia's birthday,Hate towards a party,Political,Yes
????? ??? ????? ????,islam is a fucking religious.,Hit Islam religion,Religious,Yes
 ??????? ??????? ??????? ????? ????? ????? ???? ????,Foolish people are much better than educated people today,Normal Sentence,Political,No
??? ???????? ???????? ???? ????, You should fuck with bamboo in your ass,Directly hit Female.,Gender,Yes
"??? ???,?????????? ??????? ????????? ??? ? ????? ?????? ???? ???????? ???? ?????","Nur Bhai, being a true peddler of humanity, truly protests for the people of this country",Respectful Sentence,Political,Yes
?? ???? ?? ???? ?????,I'll drink and fuck you,hit female,Gender,Yes
???? ??? ??? ?????? ?????? ??? ?? ??? ?? ???? ????? ???? ???? ????? ??????? ???????,"A few days ago, the media reported that the two militants were followers of Zakir Naik",Directly hit a individual Person,Personal,Yes
?????? ??? ????? ???? ???,"VP Nur, the male hero of Bengal",Person of proud,Political,No
??????? ?? ??? ?????? ???? ????? ????? ??????? ,"How many more Awami League will you act, Mother Fourteen Awami League?",Directly hit a group.,Political,Yes
?????? ??????? ???? ?? ????? ?? ,Islam is nothing but barbarism,Directly hit a religious,Religious,Yes
??????? ????? ??? ???? ?????? ???? ????? ???????? ????,How many times did the journalist actually use the word to say it,Normal Sentence,Other,No
???? ????? ?? ?? ??? ???? ???? ???? ???? ?????? ,"Are you about to orgasam, saying that you are getting wet.",Hit a individual ,Personal,Yes
"????? ??????? ??? ??? ????? ""???""? ????? ??? ????? ???? ??? ??? ??? ????? ","Here the name of the heroine is called ""eka"". Many think he was detained alone",Normal Sentence,Other,No
?????? ???? ????????? ???? ???? ??? ???,By Killing the bitch malaun's(Hindu) clean it,Directly Hit a Country,Geopolitical,Yes
????? ?????? ???? ???? ?? ?????????? ???? ??? ???? ,Magir should be kicked in the ass and left on the platform,Hit a person,Personal,Yes
?? ???????? ??? ?? ????? ???? ???.,I have never heard the name of this heroine in my life.,Normal Sentence,Personal,No
???? ???????? ?? ????? ?? ?????? ????? ???? ????? ? ???? ?????????? ???? ??? ?????? ??????? ???? ???? ???? ?? ?? ??? ??? ??????? ??? ?????,"Today, the whole of Bangladesh is drowning in the scourge of drugs. In order to get rid of this, one has to follow the religious rules . Otherwise it will be more defeated.",Ethical and valuable,Religious,No
"?????? ??????? ??????, ??? ?????? ????? ??? ?????? ????????","""Saniur's bitch baby, I will fuck your sister lying on your shoulders""",Directly Hit a individual ,Personal,Yes
??? ????? ????? ??? ????? ?????? ????????,Fuck your mother laying down on Father's shoulders,Hit a person.,Personal,Yes
????? ??????? ????? ????????? ???? ?????? ??? ????? ?????? ???????? ???????-??????,Anti-Muslim poster-leaflets are being promoted in India in the name of the Muslim persecution movement,Directly hit a group of pepple,Religious,Yes
"?????,????????????? ???????? ?????,?????,????,??? ??????'?? ????????? ????? ???????? ??????? ???? ????? ????? ??????? ?????? ???? ????? ????? ???? ????? ??? ?????????","If Shakib, Mahmudullah as well as Soumya, Shamim, Afif, Sheikh Mehdi can play well according to their ability in batting, Team Bangladesh will be able to present a beautiful series to the fans.",Wishful sentence,Sports,No
"?????, ?????, ???? ?? ????? ??????? ??? ???????? ??? ????? ???? ?????? ????","Soumya, Shamim, Afif, it is better if these three players can keep the strike right",Normal Sentence,Sports,No
????? ???? ?? ????? ??? ?? ?? ???? ???? ?? ??? ???? ????? ????,There are many ways to earn money without doing this dirty work for the stomach,Normal Sentences instead of using Dirty word ,Personal,No
???????? ?????? ????? ???? ?????? ???,"""Motherfuckers do business with religion",Directly hit a group of people,Religious,Yes
"??? ????? ????? ??????, ??? ??? ??? ????","I don't want the power to leave, no matter how many bodies die.",Hit peple,Geopolitical,Yes
?????? ?????? ???? ?????? ??? ????? ?????? ?????? ??? ????? ??? ?????!! ???? ????? ?? ??? ???????? ??? ????,"After discussing with Nannu Papun, I sent them on leave and got a place in the team !! It is difficult to walk in the world without being a little clever",Normal Sentence,Sports,No
??????????? ????????? ????? ???? ?? ?? ???? ?????? ??? ???? ??? ?????? ???? ???? ???? ???? ????????? ???????????? ???? ?? ???? ????? ??? ?? ?? ???? ???? ???? ??!,"If we take a look at the demands made by Australia to play in Bangladesh, it will be seen that they do not play with so many conditions while playing England, New Zealand and India!",Normal Sentence,Sports,No
?????????? ??? ????? ???? ????? ???? ???? ??? ??? ???????? ????? ????? ??? ???,The answer should be to take Bangladesh in such a light way if Bangladesh takes the series on its own,Normal Sentence ,Sports,No
"??? ??? ???? ???? ????? ?? ??? ?? ????, ???? ?????? ??? ????? ???? ??? ??????? ???? ??? ???? ?? ????? ????? ???? ??? ??? ???? ???? ???? ??","It's great to see your work, Brother  There are a lot of guys who play really good cricket.",Normal Sentence,Sports ,No
???? ?????? ???????? ??????? ??????? ?? ?? ?????? ????? ?? ????? ?????,"How long will you run all these dialogues of  militancy, extremism, traitor.",Hit a Party,Political,Yes
??? ???????? ????? ??? ???? ????? ??????? ????? ???? ??? ??? ??????? ????,If prostitute Mumtaz can be a Member of Parliament then why can't she be a Hero Alam,Directly  Hit a person,Personal,Yes
???????? ???? ??????? (??????? ?????? ?????????) ????? ????????,"Seeing Urvashi, Brahma used to masturbate (Kabiraji masturbates in Bengali).",Directly  Hit a hindu religious,Religious,Yes
????????? ?? ??? ????? ????? ??? ?? ??????? ????? ,Do you want know who will break the bed in the wedding night.Check out this sexy lady.,Hit a person,Personal,Yes
?????????? ???? ??????? ???? ???? ????? ??? ???????,Inshallah we are hopeful he will return to his address,Blissful Sentence,Personal,No
"??? ????????? ??? ????? ???? ??????? ?????, ??
??? , ??? ??? ??????? ????? ???? ??? ???? ??????? ????","I used to wait to see pictures on Fridays, and
Now, I am waiting for the video to come to your address",Normal Sentence,Personal,No
????? ??? ????? ???? ???????? ????? ????? ????? ?????? ??????,Prabha seems to have undergone Ass surgery so her hips have improved,Directly hit a person.,Personal,Yes
??% ?????????? ??? ????????? ?? ????????? ????????? ??? ????? ?????? ?????????? ???????,"In Bangladesh, the country of 92% Muslims, today Muslims are the ones who confess to being tortured by dogs in the name of Awami League",Directly hit a political party,Political,Yes
"????? ??? ??????? ???? ???? ??? ??, ???? ?????, ??? ?? ??????? ?????? ????","Women wearing burkas don't make sense, they are human beings, ghosts or animals, said Liton",Hit the Muslim religion,Reliigious,Yes
????? ???? ?? ????? ??? ?????????? ????? ???? ??????? ??? ? ??? ????? ??????? ?????? ????? ?????? ??? ?? ???? ??? ???? ?????,"No matter how hard he grew up eating, he couldn't remember the name of a place. God is trustworthy. May Allah fulfill the hopes of his mind.",Normal Sentence,Personal,No
???????? ???? ?????? ???? ???????? ?????? ?????? ???? ??????????????,"Initially, Jasmine Apur's family was found, Alhamdulillah",Normal Sentence,Personal,No
??????? ????????? ????????? ???? ????? ?????? ??? ???? ????? ????? ??????? ??????? ????? ??? ??????? ????? ???? ???? ???? ?????? ??????? ????? ???,Seeing the emotions of the victims in every program brings tears. Thank you dear brother for capturing their special moment on camera,Normal Sentence,Personal,No
" ????? ??'?? ????? ?? ????? ?????? ??????? ??? ??????, ??? ???? ???? ??????? ????? ???? Md Golam Kebria Sarkar ????? ?????????? ????? ?? ????????, ????? ??????? ????? ???????? ??????","The way people ask after you go to your show, it feels different to me. The people of Bangladesh love Md Golam Kebria Sarkar brother so much, of course for Allah. Congratulations brother.",Blissful Sentence,Personal,No
"?????????????? ?????? ????? ????? ????? ???? ??????? ???? ?????
???? ?? ???????? ?????","Alhamdulillah, Allah will surely help you for your good deeds.
There was prayer and love.",Blissful Sentence,Personal,No
?????????? ?????? ???? ??????? ? ?????? ?? ????? ?????? ???,How rude and violent the boys of Chhatra League are is also the standard here,Directly hit a political Party,Political,Yes
 ??? ????? ??? ???? ??? ???? ?????? ??????? ???? ????? ??-????? ??? ???? ???,Sister liked your words very much. May I have the good fortune to watch each episode.,Normal Sentence,Political,No
???????? ?? ???????? ??? ??????-????? ???? ????????? ??????? ?????????? ?????????? ?????? ??????? ?????,The children of Malayaon(Hindu) are the beneficiaries. They have only helped Bangladesh in the war for their own benefit,Directly hit a Country,Geopolitical,Yes
"??? ????? ?? ??? ??? ???? ??? ??, ?????? ????????? ??? ?? ???? ????? ????? ??? ?????? ??? ???? ??, ???? ??? ????? ????","If everyone thought like you, the family, the neighboring country would all change. He doesn't even remember his own people, he forgets his own past",Normal Sentence,Personal,No
????? ??? ?? ????? ???? ?? ???,The last word is what Mother fucker says,Hit a person,Personal,Yes
"??? ???? ??????? ???? ???? ???? ??? ????? ???? ??????? ???? ???? ???? ??????? ???? ????,???? ???????? ??,????? ??","""League seems to be a little bit smaller in numbers. It takes a little more in numbers to say team. For example, the bastard team, the yaba team.",Normal Sentence use bad words,Political,Yes
?????? ????? ??? ????? ????? ????? ?? ???????? ???? ??? ????? ???? ???? ??????? ? ???????? ????,I am fascinated to see your love for your country from abroad. There was a lot of respect and love,Country lover,Personal,No
"???? ????,,,,???? ????? ???????? ???? ????? ???",From India  brother and sister in law's  married life be happy,Wishful sentence,Personal,No
?? ??? ?????? ?? ??? ??? ??? ????? ??? ???? ??? ??????,"hey Cow fucker do you have any identity of your father and mother, Cow Fucker",hit a person.,Personal,Yes
??? ???????????? ????? ???????????? ???? ??????? ??? ????,Very beautiful. God bless. May your couple be perfect,Normal Sentence,Personal,No
??? ??????????? ?????? ????? ?????? ?????? ???? ????? ??? ?? ?????? ?????,"Ziaur Rahman, the father of the nation, revealed the truth without the help of Bhai Kutta League",Directly hit a political partry,Political,Yes
???? ??????? ??? ????? ????? ??? ??????? ???? ?? ?????? ?????? ! ????? ??? ?????? ????? ?? ???????,Seeing the happiness of such couples is like seeing different happiness. How beautiful you are! May this family always be so sweet.,Blissful Sentence,Personal,No
??????? ???? ????? ???  ??????? ??? ?? ??? ???? ???????? ???? ??????? ????? ????,A thousand times more beasts than the government are the so-called scholars who are destroying Islam,Hit a Group og people,Political,Yes
??? ??? ???????? ???? ???? ???? ???? ??? ???????????? ???? ??????? ??? ???? ??????? ???????? ???????? ????? ???? ???????? ???? ????? ????????? ??????? ???? ???? ??? ???? ???? ??? ??? ???? ??,Chamak bhai you showed us a lot of surprises with maths. Now you surprised us with a little Islamic song and imitative Islamic following post. I am hopeful if you fulfill my hope I will be very happy,Request for something,Personal,No
???? ?? ?????? ????? ???? ??? ????? ?? ????? ??? ???? ?????? ???????,"If you don't keep the veil, then what was the need to keep the clothes?",Hit a person,Personal,Yes
" ?????? ?????, ????????? ???????? ???? ??????? ??????? ???? ????????? ???????? ??? ? ????? ???? ?????","A family full of wonderful compassion, love. Pray to Allah that this bond may remain intact till death.",Blissful Sentence,Personal,No
????? ???? ????? ?????? ?? ??? ????? ???????? ???????? ,Islam is not a religion. It is a political conspiracy to occupy the country,Directly the Islam religion,Religious,Yes
"??? ??? ?? ?????? ?? ?????? ????? ????? ????, ?? ????? ???????? ?? ????? ???????????? ??? ???? ???????? ??????? ???? ??????? ??? ???","The lyrics of all the wonderful songs of Chamak Bhai are wonderful in one word. And with the inspiration of Sister in law's, let life get the fullness of love in every step",Congratualated someone,Personal,No
"???? ??? ?????? ?????????? ???? ????? ????? ????????? ?? ????
?????? ?????????? ????? ???? ????? ???",This is the headline due to the closure of education for many days.Educational institutions should be opened quickly,Normal Sentence,Other,No
 ????????????? ?????? ???????? ???? ????? ???? ?? ????? ?? ????????? ??? ?????? ?????? ???? ,Prime Minister madam is not ashamed to say Chhatra League will try to put pressure on Shibir or Chhatra Dal,Hit a political party,Political,Yes
????? ?????? ????? ??? ???????? ???,Brothers of two cannabis users lost in the fair,Hit towards a brother group,Political,Yes
?????? ??????? ?????? ???? ??? ????? ???? ??? ????????,Eventually Ashraful brother also went to his own address,Normal Sentence,Personal,No
???? ??? ?? ???? ???? ????? ?? ??? ???? ??,There can be no better news before Eid then this,Normal Sentence,Personal,No
????? ???? ?????? ?????? ?????? ???? ?????? ???,Mother's heartbreaking tears really upset the mind,Normal Sentence,Personal,No
?? ????? ????? ?????? ????? ???? ???????? ????? ???? ?????,Dr. Kamal Hossain has come to destroy the BNP as a puppet of India,Normal sentence but hit person directly,Political,Yes
???? ?????? ??? ???? ??? ????????? ????? ????? ???????? ???,There is no difference between giving flowers at the Shaheed Minar and worshiping Hindus,Normal sentence but hit Hindu religious directly,Religious,Yes
"??? ???? ???? ??? ????, ??????? ??????, ??? ?? ?? ???? ????? ?????? ????? ??? ????? ","He should be beaten, Kinney's baby, talk less Ranu Mandal's thoughts are so bad",Hit a Person,Personal,Yes
????? ?? ???? ???? ???? ??? ?????? ???? ???? ???? ?????? ??????? ?????? ?????? ????? ?????? ????? ??? ?? ???? ???? ????? ????,Tears have come to their eyes at this reunion. Ashraful has come through a painful chapter. He was very sad to lose his relatives for so many years,Normal Sentence,Personal,No
??? ??????? ?? ???? ?????????? ????,She is the daughter of Plitician and is a prostitute,Hit a individual,Personal,Yes
?? ?????????? ???? ????? ????? ??? ?? ????? ???????? ?????,Just Waiting for hear this song in bengali language in this condition ,Normal Sentence,Personal,No
?????? ?? ??????? ???? ??????? ????? ?????,Thanks to Hitler because the Jews are really bad,Directly hit a religious group,Religious,Yes
"??????? ?????? ????? ???? ??????, ??? ????? ?????","Everything is the side effect of an unsatisfied pussy, need to be fucked hard.",Hit a individual,Personal,Yes
??? ???? ??? ??? ??? ???? ???? ???? ??? ???? ???? ?????? ????? ????? ?? ????? ????,"When you close your eyes and listen to the songs, you can understand the real meaning of each song",Normal Sentence,Personal,No
"???? ??????? ?????, ??? ???? ??????????? ???? ???,??? ???? ?????????? ??????????? ???,?? ???? ?????? ?????? ?????","A man of choice, who has a magical voice, who has a jealous personality, who is a real man",Normal Sentence,Personal,No
??????? ????? ???? ?????? ?????? ??????? ????? ?? ??????,The people in the media are really dirty. Sex and sex all day.,Directly hit a identity,Personal,Yes
????? ??? ???? ?????? ???? ????? ???? ???? ???? ???? ???? ??? ????? ???? ???? ?? ???? ??? ??? ???? ????? ???????? ?????? ??? ????? ???? ????? ????,A beggar like Ranu should be kept under his feet like a feet cleaner like a shoe is expensive but no one puts it on his head.,Directly hit a person by using bed words.,Personal,Yes
??????? ???? ?????? ????? ????? ????? ???? ???? ??????? ?? ????? ?????? ??? ????????,"As always, Tahsan Bhaiya is the best. It is impossible to express in language how much you like the songs",Love in words,Personal,No
??????? ???????????? ????? ????? ! ???????? ????? ????,Great achievement of extraordinary continuity! Congratulations dear Mushi,Congratualated someone,Sports,No
"?? ????? ????? ???? ??? ??????? ??? ??????? ????? ??? ??? ??? ??, ??????? ???????? ???? ??????? ??????? ??? ???? ???? ???????? ???? ???? ??? ??? ??????","This is the first time I have cast a vote somewhere and hopefully, by the grace of God, I am very happy to be able to participate in the ICC's neutral vote, even if it is a small one.",Joyful Sentence,Sports,No
?? ?????? ??? ????? ??????? ?????? ???? ???????,Waiting in a  big place in railway line to fuck a whore,Use of bed words towards a person,Personal,Yes
??? ???? ????? ???? ????? ????? ?? ???,Want to fuck in  the asshole of bloody bitch rapers,Use of bed words towards a person,Personal,Yes
???????? ??? ??????? ????? ??? ????? ???????????? ???? ????? ???,Good luck. I want to see your far good performance again in the last match,Normal Sentence,Sports,No
???????? ????? ????? ?????? ???????? ???? ????? ?????? ??? ????????? ??? ????????? ????? ????? ???? ???? ??? ?????,Mushfiqur's style of greeting everyone is much preferred. I have never seen a player salute in such a pure manner.,Awesome,Sports,No
??????? ????????? ??????? ???? ???????? ???? ?????,The government is conspiring to make the future generation irreligious,Hit towars Government,Political,Yes
??????? ?? ????? ????? ??? ???? ???? ????? ??? ????? ??????? ?????? ??? ????? ????? ???? ????? ???,"If we go to all your mosques and demolish them, will your God be able to protect them?",Hit towars religion,Religious,Yes
????? ???? ????? ???????? ?????? ??????? ?? ???????? ????? ?? ?????,Shakib Al Hasan is the prince of cricket,Respectful Sentence,Sports,No
??? ??? ??? ???? ???? ????? ???? ?????? ???? ?????? ???,"What a sexy body ,will have great comport fucking her. The whole body is full of sex",Hit towards a individual,Personal,Yes
???? ???? ??? ???? ?????? ?? ??? ????? ???? ?? ???? ??? ????? ??? ?????? ???? ???? ???? ??,The sound is louder when the iron is beaten with iron because it hurts more when we are bearen by our own closer person,Normal Sentence,Other,No
????? ????? ??? ????? ?? ????? ??? ???? ??? ???? ?? ,There is no point in secretly videotaping them in the society,Seems to be odd but context is saving the female person,Personal,No
????? ????????? ????? ?? ???????? ?? ???? ???? ???? ?? ???? ???? ???? ???,I don't know if there is any other sector like corruption in the health sector in this country,Normal Sentence,Political,No
?????? ??? ???? ???? ????? ????? ?? ???? ????? ??????? ????? ????? ?? ?? ??? ???,The BNP is now realizing how big a mistake they made in the August 21 grenade attack,Hate towards a group,Political,Yes
?????? ??????? ???? ?????? ??? ???? ?????? ???????? ??? ?? ???? ???,The mother died shortly after she left the ICU bed to save her son,Normal Sentence,Other,No
"???? ???????? ??? ??????? ???? ???????????????? ?????? ?????? ????? ???????,",if Pakistani left your mother and sister?Your father called you Malaun,Hate towarsds hindu.,Religious,Yes
???? ?????? ????? ??????? ?????????? ????? ???? ????? ?? ??? ???? ????,We ordinary people have no choice but to give the only superior justice.,Prayer to lord,Other,No
 ?? ?? ????????? ???? ?? ?????? ???????? ????????,Such a big bastard race is the children of this Hindu Malaun,Hate towrds Hindu,Religious,Yes
?????? ????? ???? ???? ???? ???????,Each video means a new education.,Educational,Personal,No
"????? ????????? ?? ????????? ???? ???? ?????? ??? ???, ?????? ??????? ???? ??? ?? ??????? ??? ??","Let the female infidels be called Ranumandal, as the traitors are called Mir Jafar.",Hate towards Female,Gender,Yes
?? ?????? ???? ??????? ?? ???? ???? ????????? ????? ????? ????? ??? ????????? ??? ?? ?? ???????? ????? ????,"Such a beautiful conversation, such a good presentation fascinated me. I often watch this show of Kaberia ",Amazing,Personal,No
 ?????????? ?????? ????? ????????? ??? ?? ????? ?????? ???? ??? ?? ??????? ???? ???? ??? ???? ??? ????? ???? ???? ???? ???? ???,"Hindu, Buddhist and Christian people of Bangladesh are distant people. They are called Malaun. Or they have to get out of the country by kick.",Hit towards Religious,Religious,Yes
????? ????? ????? ??? ???? ???,Do you lost conscious by seeing lady,Hit towards Female,Gender,Yes
???? ??? ?????? ??????? ???? ????? ?? ??????? ???,Society is getting bad because of prostitite like them.,Hit towards the individual represent a group,Personal,Yes
"???? ??????? ???????????, ???? ???? ????? ????? ???? ???????? ?? ?????? ?????????? ???? ?????? ?????? ??? ","An extraordinary personality, a good man, every junior player on the national team should imitate you",Respect,Sports,No
?????? ????? ?????? ?????? ???? ??????? ? ????? ????? ? ?????????? ????? ???? ?? ????? ???? ???? ????,Greetings to you. Greetings to your father and mother-in-law.,Greating,Others,No
"???????? ???? ???? ???, ??? ??????????? ???????? ????? ???? ??????? ??????? ????? ??????? ??? ?????????, ?????????? ??? ????????","There is nothing to be afraid of donating blood, there is self-satisfaction. Donate blood to save the life of a dying patient. Blood donation should be voluntary, free and safe.",Great work,Others,No
"????? ??????? ??????? ??? ?? ??? ????? ????????? ?? ??? ???? ???, ???? ??? ??? ????????? ??????","The disease is not black fungus. Its name is mucor mycosis. This disease was before, still is and will be in the future.",Normal Sentence,Others,No
???????? ??? ???? ??????? ??? ????? ????,Myanmar means cowardly and hated country.,Directly hit a country,Geopolitical,Yes
??? ?? ????? ???? ????? ?? ??? ???,There is no limit how many people fuck your pussy.,Hit individual,Personal,Yes
"??? ????? ??? ?? ???? ???? ????? ??, ???? ???? ???????",Does not seems to be not only fuck pussy but also fuck big tits ,Hit individual,Personal,Yes
?? ???? ?????? ???????? ??? ???? ??? ?????? ???? ???? ??????????? ?? ????????? ?????? ??? ????????,There is no benefit in blaming the Indian media for this. Is the bastard media and journalists of Bangladesh responsible for this?,Hit towards individual and group,Personal,Yes
"?????? ??????? ???? ???? ???? ???? ?????? ???...
?? ?????? ???? ???? ????????? ?????? ?????????? ???? ???? ???? ???????????....","Request to say something about the field of education ...
How reasonable it is to close all educational institutions by opening all sectors",Educational,Others,No
???????? ???? ????? ????? ?????? ?????? ???? ??????,Your contribution to the Bangladesh team will be written in gold letters.,Respect,Sports,No
????????? ?????? ?? ??????? ???? ?????? ??? ???? ?? ,You bitch slut doesnoy know how to speak,Hit towards individual,Personal,Yes
??? ?? ???? ???? ????? ?????? ??? ,"You are real whore, used to begging",Hit towards individual,Personal,Yes
????? ???????? ??????????? ???? ????? ????? ??? ???? ?? ?? ??????? ???? ????? ???? ????? ???????? ??????? ???? ?????????? ???????? ?????? ???????? ???? ????? ???,I don't know why I have to listen to every one of your reports more than five times. Your reports are different from every sports journalist in Bangladesh.,Normal Sentence,Personal,No
"?? ???? ????, ???? ?????????? ?????? ????, ????? ??? ???? ???? ????? ????, ???? ???? ????????","One Liton, the future dream of millions of Bangladeshis, the source of laughter, wake up a thousand Litons, wake up Bangladesh",Normal Sentence,Sports,No
"????? ?????????? ???? ???? ?????? ??????????? ????? ?? ?????????? ???????? ??????? ???? ?????? ?????, ??? ???? ????? ????? ???????? ???? ???? ??????? ????? ??????? ???? ?? ??????? ??? ????, ??????? ???? ????? ??????? ?? ???? ???? ????, ??? ???? ?? ???? ??? ?????? ????? ??? ???? ??????? ???? ????? ?????? ??????","Man has been alone since creation But the Creator knows that the pain of this loneliness will be unbearable for man, he will be anxious to tell anyone the words that are accumulating in the depths of his mind, man needs a companion to accompany him, with whom he will express his feelings. So he has made friends for people",Admire to Lord,Personal,No
"???? ?????? ???? ????? ??? ?????, ?????? ?????? ???, ???? ???? ???? ????? ???? ??? ",It was a mistake to sentence them to death. The children of the bitch should have been punished for life,hits towards person,Personal,Yes
????????? ?? ?? ???? ?? ?????? ?? ???? ?????,"What do you say you actresses, Are not you puppet of India",hits towards person,Personal,Yes
"?????? ????? ??? ??? ?? ???? ?????? ????? ???? ????, ?????? ???? ???? ???? ???? ?????? ???? ?????? ???? ???? ??? ??????''","The real friend is the one who is by the side of another friend in danger, he responds when called Only a good friend can smooth the way for a friend. """,Normal Sentence,Personal,No
"?????! ??? ??? ???? ???? ?? ???? ???????????????? ??? ??????? ??? ???, ???? ???, ??? ??? ???-?????? ?????? ???, ????? ???? ??? ????????? ????? ????? ??? ????? ????? ????????","Friend! Even though it is a very small word, it means huge. There is no fixed age for friendship, there are no rules, there is no profit-loss calculation. So, let the friendship of all be strong in the bond of love in the way of life",Friendship,Personal,No
????? ???? ???? ?? ?? ?? ? ????? ??????? ???????? ??? ????,"See, it may be a conspiracy of BNP and Jamaat Shibir",Hit towards a group,Political,Yes
?????? ?????? ????-????? ?? ?????? ????? ???? ???? ??? ?????????,But this time Sri Lanka will have to lose and bring the trophy to Bangladesh,Normal Sentence,Sports,No
?? ??????? ???? ?? ??? ?????? ????? ???? ???? ??????? ?????? ????? ??? ????? ???? ????? ?????,I should have written your profile name Malaun Third gender.Son of a slut.,Hit towards a person,Personal,Yes
??? ????? ?? ????????? ??? ??? ???? ????? ???? ??? ?????????? ?? ???? ??? ???? ????? ?? ???????? ???? ???? ??? ???? ????,Ore Malu's team Pakistan is a small country but your illegitimate father rendia  fuck by them? You will have more fun if you fuck in china style,Hit towards a Country,Geopolitical,Yes
"???????? ??? , ?? ????? ?????? ???? ???? ?? . ?????? ???? ???","Andalib bhai, the sons of this slut don't know anything. Bloody old asshole",Hits towards a Person,Personal,Yes
?? ??????? ????? ???? ???? ??? ?????? ???? ?????? ?????? ???? ? ??? ?????? ???? ???? ???? ??? ?? ??????? ???? ????? ???????,I am missing this oppressive man a lot. I am missting my dear family too. I want to get back again.,Normal Sentence,Personal,No
?? ?? ???? ???? ??????? ??? ??? ????????? ????? ??????????,"And if there is any bloodshed, the terrorist organization Chhatra League will be banned",Hate towards a political party,Political,Yes
???????? ?? ????? ???????? ?? ?????? ??? ??? ????,Eid-ul-Adha really reminds me of Bachelor's Eid drama,Normal Sentence,Personal,No
???????? ???? ???? ??? ????? ???  ???????? ?? ??? ??? ??? ?????? ??? ??? ??? ???? ???????? ???? ??? ???? ??? ??????? ????? ??,Mohammad has raped many girls and no one like him has suffered death. So mankind  don't even think about fuck women.,Hate towards Religious,Religious,Yes
???? ????????? ? ???????? ????? ???? ???? ??????? ????? ?????? ???????? ????? ?? ?? ??? ???? ??? ?????? ??? ??? ????,My friends and I will go around the whole market at the the time of shopping but  will not buy anything and the say price will be half of what it says.,Normal Sentence,Other,No
"??????? ????? ??? ?? ??? ??? ??????, ??? ??? ???","I would go to sleep on milk if I got thatr girl alas what  a sexy bitch,",Hit toward a person,Personal,Yes
??? ??????? ???? ????????? ??? ??? ??? ???? ??????? ?????? ???????? ?????????? ????? ???,I pray to God that he finds his lost family soon,Normal Sentence,Personal,No
?? ??? ??????? ????? ????? ???? ???? ??????,After eating cannabis all the son sung by bloody mother fuchker bitch,Hates towards each person of a group,Personal,Yes
"???????? ????? ????? ???? ??,??? ?????? ???? ???? ????,??? ? ?? ?????? ???? ??? ???","Asshole sakib didn't fuck opu,Opu fuck sakib.Say bitch do they match",Hates towards each person,Personal,Yes
??? ?? ????? ?????? ????? ???? ????,You are worst then slut of 20 taka.,Hates to a person ,Personal,Yes
??? ???? ???? ??????????? ?? ????? ?? ??????? ???? ?????? ???? ?????? ???????? ???? ???? ???? ????? ?????? ???? ?????? ???,I sent an e-mail on May 15th. The daughter of a poor family I know lost her way while visiting Chhatak Dhaka,Normal Sentence,Personal,No
??? ??? ????? ??? ?? ????? ???? ????? ?????? ??,"Even after listening to it again and again, I could not understand the meaning of this song",Normal Sentence,Other,No
????? ????? ???? ????? ???? ???,We have to transfer money with slut's bKash,Hits towards group of person,Personal,Yes
????? ??? ??? ???? ??????? ??? ??? ???? ???? ???? ????? ???? ?? ??????? ??? ??? ??? ??? ?? ????? ??????? ???? ?????? ????? ???? ??? ????,"You see, if brother Inu abuses him like a dog, nothing will happen because he acts like the owner, otherwise he will be hanged as Mujib's killer.",Hits  a political person,Political,Yes
????????????? ?? ???? ????? ???? ???? ???? ??? ???? ?????? ????? ??,"When you see Panchpandab together, feel a little peace in your mind",Relaxed,Sports,No
????? ??? ?????? ???? ????? ????? ??????? ??????? ???? ????? ?????? ????????? ???? ????? ?????? ????? ????? ?????? ???? ????,"Where did the sonof  bitch's  chicken Kabir go? Do not read these in the eyes of a pig? Even though the wind blows on the Hindus,  consciousness of slut's son is hurt.",Hate towards a person,Personal,Yes
????? ?????? ??????? ????? ???? ????? ????????,Some people are burning to speak against India,Hit a Country,Geopolitical,Yes
????? ??? ????? ??????? ???? ???? ??????? ??????? ???? ??? ??????????? ???? ???? ??????,You have given a lot to the country and the people of the country. I wish you well with your loved ones,Grateful sentence,Sports,No
???? ???? ????????? ?? ??? ???? ?? ????????? ????? ??? ?? ?????? ????? ???,India is a bastard's country with . Bastards whose rape is a major national act,Directly hit the country India.,Geopolitical,Yes
????? ????? ???? ???? ???? ??? ?? ??????? ??????? ?????? ??? ??? ???? ?????,"This slut getting horny, there  is no right about the birth of this barbaric child",Hits a person,Personal,Yes
????? ????? ????? ???????? ?? ?????? ???? ????? ??????? ??? ???? ??? ???????,"Although Shakib did not do the first song well, it is certain that the next song is Shakib's common reading",Enjoyable,Sports,No
???? ?? ???? ?????? ??? ????,This slut has brcome very sexy.,Hates towads a person.,Personal,Yes
"??????? ???????? ???? ????????? ??? ?????? ??? ?????? ???? ????? The name of India, the country of cow dung, should be removed from the map of the world",,hit the cointry India,Geopolitical,Yes
????? ?????? ?? ?????????????? ???? ???? ???? ????????? ??????? ????? ??? ??? ????? ???? ???? ???? ?????? ???? ?????,This personality of Tamim Bhai is very good to me. Basically this is the reason why I like Tamim Bhai no matter how bad he plays.,Normal sentence,Sports,No
??? ?????? ???? ???? ?? ???? ?????? ????? ????? ?????? ????? ???? ?? ???,"When I found it next to the cock, I would brush it with the cock on its face",hit a person,Personal,Yes
??????? ???? ?????? ???? ??? ????????? ????? ?????? ???? ???? ???????? ?? ???? ??? ????????? ???? ????? ??? ????,Wives can sue their husbands at any time for treating sex without their consent as rape.,hit a male,Gender,Yes
"??????? ??????? ???? ???? ?????? ?????? ?????? ???? ????? ???? ??? ???? ???? ????,,???? ??? ???? ???? ??????? - ?? ?????? ?????? ????? ??????",I like everything about you. But the emotion with which we hear the song Father of James  the emotion with which James sang - you have not saved any of it.,Normal Sentence seems to be odd.,Personal,No
??????? ?????????? ???? ??? ?????..??? ???,I am fascinated by Shakib's expression..awesome brother,Normal Sentence,Personal,No
?????? ???? ??? ?? ????,You bitch Mahi are you polite,hit a person ,Personal,Yes
???????? ??????? ??????? ???? ?????,Uneducated bitch. Traitor,hit a person ,Personal,Yes
????? ???? ??? ????? ??? ???? ??????? ????? ?? ?????? ???? ?????? ???? ???? ??? ??? ?? ??? ?????????? ?? ????,"Those who are interested in showing their sister's milk ass to the street people, who will guarantee that they will not have illicit work with their sisters?",Hit a group of person,Personal,Yes
 ??? ???? ???????? ?????? ?????????? ???????,You bloody asshole  Malaun's child is the child of Mother fucker,Hit a group of person,Personal,Yes
?????? ? ?? ????? ?? ??????? ?? ?????? ???? ???? ????? ?? ??????? ????,The people of Bengal will never forget what you 5 mate have given to  country,Grateful sentence,Sports,No
?????? ??? ????????? ????? ???? ??? ??????,When you crazy loved person altogether ,Unity,Other,No
"?? ???? ??????? ????? ????,?????? ?????????,,,?? ???????, ?????????? ??? ???? ???? ?????????? ???? ?????? ??? ?????","For this, Mashrafe you are the best, hope for the future, boss salute, I hope to get a touch of peace from youInshaAllah.",Admiration,Personal,No
?????? ???? ???? ?????? ?? ???? ???? ????? ????? ???,"Who is a good actor in the drama have you said,you bitch mother fucker",Hate towards a person,Personal,Yes
?????? ?? ??? ???? ????? ??? ?????? ???? ??????? ??? ,I don't understand why Shakib Bhai jumps the most in the last part,Wonder,Personal,No
???????? ?????????? ??????? ??? ????? ???????? ??????,Myanmar urinates when it hears the names of Bangladeshi soldiers,Hate country mayanmar,Geopolitical,Yes
"??? ????? ?????? ?? ???? ???? , ?????? ?????? ?? ???? ????, ??????? ?????? ?? ??? ???, ?? ???????????? ?????? ??? ???? ?????? ??? ????? ????,?? ????? ?????? ?? ??? ??? ????
???????? ?????? ???????? ????????? ???? ????????","I am polite like Tamim Bhai, I live like Mushfiqur Bhai, I sing like Mashrafe Bhai, and I can sing rocking style like Mahmudullah Bhai, and I can dance like Shakib Bhai.
Love is the five stars of Bangladesh cricket.",Happy anfd Proud,Other,No
?? ????? ????? ?????? ????? ??? ??????? ?????,This Hindu slut needs to be beaten up,Hit a person,Personal,Yes
"????? ??? ?????? ????? ??? ???? ??????? ??? ???????, 
??? ?????? ???? ??? ???? ?????? ???? ???? ????..","My brother got emotional when I first heard my father's song,After listening to the crazy play song, the emotion also went crazy ..",Crazy feeling,Personal,No
?????? ????? ?????? ????????? ??? ?????? ???????? ?? ?????? ?????? ???? ?????? ?? ??????? ????? ?????? ,"After giving birth to three children at the same time, the girls are smiling and the boys are in a bad condition after a light tap on the beachi.",Instead of using bed words meaning is not hate towards someone,Personal,No
"??? ???? ???? ?????? ?????? ?????? ????? ???? ???? ???? ??????, ????? ????? ?????? ?????? ?? ??????? ??? ????? ???? ???? ???? ?????? ??? ????? ?????? ??? ???","We should learn from these incidents. One father did just that, after having three daughters, he pushed them and their mother away. Why not a son.",Educational,Personal,No
?? ???? ?? ?? ?????? ???? ????? ???? ????? ???? ????? ????? ?? ??,"Who was giving him birth dog or devil, what did this bitch say",Hate towards person,Personal,Yes
"????????? ????? ?? ??????? ???? ""?????????????? "" ???? ??????? ??? ??? ???? ?????? ????? ??? ??????, ??????? ???? ????? ??????? ?????? ????? ??? ??? ?????? ???? ???? ???? ???? ????? ??? ????????","I have to cry every day and still say ""Alhamdulillah"" because every brother and sister is getting back to their own address, so that all the brothers and sisters who have lost one prayer to Allah can go back to their own address.",Prayer to lord,Other,No
???????? ?? ???? ??????? ?????? ???? ?? ???? ?? ,Andalib that is nothing but a piglet,Hate towards a political party,Political,Yes
 ??????? ?????? ????? ??? ??? ????? ??? ?? ??? ??????,There is no video of you Kibria Brother that I did not cry,Respect,Personal,No
"???????? ?? ???? ????? ??????? ??, ???? ????? ?????? ??, ????????? ?????? ???????????????? ??, ??? ???? ?? ?? ??? ??? ?? ???? ?????? ????","In Randia, tea seller becomes a minister, begger becomes a national artist, Murder's Hanuman becomes a minister of state, cows are their mother, no father, because they are illegitimate.",Hate towards a country,Geopolitical,Yes
?? section ? ???? ?? ??? ????? ????? ????? ?????? ????? ???? ???? ??? ???? ??? ?????? ?????? ??????? ???? ??? ???? ?????,I pray to Allah Ta'ala to keep you alive for all those who are involved in this great work in this section.,Prayer to lord,Personal,No
"?? ?? ????? ???? ???? ???? ????? ??????),",You will see everything and every one is busterd.,Hate directed to a Country ,Geopolitical,Yes
????????? ???????????? ????? ???? ???? ???? ??? ????? ?????? ?????????????? ?????? ?????? ???? ????????? ????? ???????? ????? ???? ???? ????? ?????? ???? ???? ????????? ?????? ??? ???,I only hear from Bangladeshis that India is their main rival now but to us it is the other way around. The passion for this match is not the same as it is in Pakistan.,Normal Statement,Sports,No
?????? ????? ???? ??? ???? ?????? ????? ?????? ??? ????? ????? ????? ??? ??????,"In our Bengali country, if anyone tries to worship idols we have to uproot it",Hate directed to hindu religious,Religious,Yes
"???? ??????? ???? ?????, ???????????? ??? ??????????? ??????? ????????? ????????????? ??? ?? ???? ?????? ?????????? ????? ???? ??? ??? ???","As you say in the video, the Ashes matches between Australia and England are exciting and they think it's much bigger than the World Cup.",Normal Statement,Sports,No
???? ??????? ?? ???? ???? ???? ????,Go to slut market you will get more money,Hate directed towards a person,Personal,Yes
??? ??? ????? ???? ??? ?????? ????? ????? ????? ?? ???? ???? ?????????? ????? ???? ??? ??? ?????? ??????? ?? ??? ????????? ????? Department 1'st ?????????? so ???? ???? ??? ????? ??? ?????? ? ????? ???? ???? ???? ?????,"Brother, I am a lazy person. After watching your video, I am inspired. Now I have a lot of change and I am in Diploma in Civil Department 1'st semester. So please pray for me. I can do something good for the country in the future.",Motivational,Personal,No
????? ?? ??????? ???? ???? ??????? ???? ????? ???????? ??????????? ??? ????? ??????? ???? ?????,I was really encouraged to watch this video to realize my dream and develop the country.,Inispirational,Personal,No
???? ????? ???? ????? ??????? ???? ??????,Today Sonaton religion is getting worse,Reality,Other,No
????? ????? ????? ???? ???? ????? ?? ???,Tetul sucked his wife's vagina and realized that it was sour.,Hate towards a person,Personal,Yes
????????? ? ??????????? ?????? ????? ???? ???? ???? ??????????,"Inshallah, the people of this country will throw Bangabandhu and Awami League",Hates towards a political Party,Political,Yes
?????? ???? ??? ?? ???? ???? ????? ??? ????? ?????? ??????? ???? ?? ????? ?? ?? ?????? ?????? ???????,"Bloody asshole seems to have eaten cannbis a little too much. Stop Indian porn serials first, then foreign Sultan Suleiman",Hates towards a country,Geopolitical,Yes
??????? ???? ???? ??? ??? ????,Love should be like that,Love in words,Other,No
??????? ??? ?????? ?????? ???????? ??? ?? ??? ????? ?/ ??? ? ??? ??? ???? ??? ?????????,Brother Mashrafe seems to have cursed you because you did 100 after 6 months 3 days.,Funny,Sports,No
 ????????? ??????? ???? ??? ?????,Malaun's itching has started.,Hate towards a country,Geopolitical,Yes
"??? ?????? ????? ????? ???, ?????? ????? ??? ????? ?? ????? ??? ??????? ?? ??? ???? ??,????? ??????? ????? ???? ????? ?????? ??? ?????? ???? ???? ????, ?? ????? ?? ?????? ?????????? ?????? ???????? ????..","Great initiative Tamim Iqbal Bhai, not to repay the benefit of the people of the country behind the chat, many people are terrified and emotionally broken in the terrible times of the current world, and this initiative of yours is undoubtedly a cause of emotional relief.",Encouriging,Personal,No
"????? ?? ?? ???? ????? ??? ????? ?????, ?????????","""Hindu is not someone's friend. They will be  chaina, Pakistan""",Direct hate towards Hindu,Religious,Yes
????!???????? ?????? ?????? ???? ??? ???? ??? ???? ????? ?????? ???? ???? ???? ????? ????? ??? ???? ?????? ?????? ???? ?????? ????????,"Hazrat! Before talking about economic issues, I hope you will understand it from the wise Mufti and then say it. You have confused the subject.",Advice,Personal,No
"??? ???? ???? ???? ???? ?????? ?????????????? ????????? ????? ???????,????? ???????","I have learned a lot from here, brother. Specially smartly correct pronunciation, unknown word.",Respect,Personal,No
????? ???????? ???? ?? ?????? ????? ??? ????? ???? ??????? ? ?????? ?????,"""The traitors of the country consider India a bandh. They are the real traitor and puppet of india",Hates towards a political party,Political,Yes
???? ????????  ??% ????? ?? ?????????,80% of MPs are idiots and terrorists,Hates towards a political party,Political,Yes
???? ???????? ?????? ????????? ?????? ????? ???? ?? ???? ???? ???? ???? ,Sala Malaun's child Randia's child Whom is belonging to this religion is known to all.,Hates towards Indian,Geopolitical,Yes
"?????? ?????? ????? ??? ?????? ????? ??? ????? ????, ?? ????? ???? ?????? ??? ??? ?????? ??? ???? ????? ?????","The boy is fighting to get back into the national team, the country did so much for him and the board did nothing for him.",Entusiastic person,Sports,No
???? ?????? ???? ??? ?????? ?????? ??? ???? ???? ?????,"You son of bitch, asshole you should be punished first",Hates towards a person,Personal,Yes
???? ???? ???? ??????????  ??? ???? ???,"This bitch is totally slut, only fucked by special person",Hates towards a person,Personal,Yes
???? ???? ????? ??????? ???? ????????? ??????? ???? ????????? ?? ???? ??????? ?????? ??? ?????? ??? ??? ????????????? ???????? ????? ???????,"India is a cowdung-drinking terrorist state that is causing unrest in neighboring countries, killing millions of freedom-loving Kashmiris",Hates towards india,Geopolitical,Yes
????? ??????? ????? ?? ????????? ???? ????? ????? ???????,The sons of the earth broke the shackles of subjugation and liberated Bengal,Inispirational,Other,No
??? ??????? ?????? ?????? ????????? ????? ????? ????,Brother all this people should be admitted to Pabna Mental Hospital,Hates towards a group of person,Personal,Yes
???????? ????????? ??????????? ?? ???? ??? ?? ???? ??????? ??? ???? ????? ??????????????? ?? ???? ??? ?????? ???? ????,The lighthouse of Bangladesh cricket which is a little wrong and has been extinguished very quickly due to a very bad mismanagement of a company.,Reality,Sports,No
??? ???? ???? ???? ???? ????? ???????? ???,"Brother, come back, we are all waiting for you",Hope,Sports,No
?????? ????? ??? ???? ?????? ??????? ???,The brokers of India are abusing without understanding anything,Hate towards India,Geopolitical,Yes
???? ?? ?????? ?????? ?? ??? ??????? ,You busterds now tell me who is the best players,Hate towards  a person,Personal,Yes
"?? ??? ???? ????, ?????? ???? ?????? ??????, ??? ???? ?????? ???? ?????? ???, ???? ??? ??, ??? ??????, ????????? ???? ?????? ?????? ????? ???? ???, ????? ?????? ??????? ????????? ????? ????, ???? ???? ????? ???? ????","In any case, if the media is in turmoil, after some influence in the upper house, I think, just like that, for Ashraful, everyone has to go ahead like this, then maybe even if the love of the audience is demanded, maybe it will give a chance.",Normal Sentence,Sports,No
??????? ???????? ???? ???? ???? ??? ? ??????? ??????? ??? ??? ,The puppies bitch will say after a while that Jamaat Shibir had a hand in this,Hate towards a party,Political,Yes
????? ???? ???? ?????? ??? ????,Honestly you said a lot of beautiful things,Admire,Personal,No
???? ???? ???????????? ??? ????? ??? ?????? ???? ??????? ???? ????? ????? ??? ??? ??? ????? ???? ??? ??? ???? ????? ?????,"Wow, she is saying very important things. Thank you very much. Sometimes she will come live and give some better advice for the country and the nation.",Admire,Personal,No
??? ???? ???? ???????? ???? ?????? ?????? ??? ???? ???? ?????? ,"I love you so much, it's hard for me to express it in words.",Love can't br express in words,Personal,No
?? ?? ??? ???  ?????? ??? ???????,What all asshole fuss sonica,Hates towards a person,Personal,Yes
"??????? ????? "" ??????? ?? ???? "" ???? ???? ???? ??????????? ????????? ???? ????? ?????? ??????? ? ??????? ???????? ??? ?????","I also enjoyed my sunset moment by listening to Mr. Kibria's story ""A Great Life"". Thanks and sincere blessings",Blissful Sentence,Personal,No
????? ????? ???? ??? ?????? ,Now I understand that you are a real fucking slut,Hates towards a person,Personal ,Yes
?? ????? ???? ???? ?????? ??????? ???? ???? ??????? ?????????,Everyone has heard the story with so much joy. Thank you very much listeners,Enjoyable,Personal,No
?? ??????? ?????? ????? ???? ??????  ? ?? ???? ???? ?????? ?????  ??????? ??????,This son of bitch pertho should be beaten by shoe,Hates toward a person,Personal,Yes
????? ?????  ????? ???? ??????  ????? ??? ???? ?? ?? ???? ???? ?? ?? ??  ,"You slut Why don't you call slut, let you fuck everyone ",Hates toward a person,Personal,Yes
???? ???? ????? ????????? ?? ???? ????? ???? ???,"Needless to say, Pakistan is a militant country",Hates toward a Country,Geopolitical,Yes
